{"cameraMode":{"drawMode":0,"name":"Shaded","section":"Shading Mode"},"sceneLighting":true,"audioPlay":false,"sceneViewState":{"m_AlwaysRefresh":false,"showFog":true,"showSkybox":true,"showFlares":true,"showImageEffects":true,"showParticleSystems":true,"showVisualEffectGraphs":true,"m_FxEnabled":true},"in2DMode":false,"pivot":{"x":508.26690673828127,"y":8.532638549804688,"z":594.6213989257813},"rotation":{"x":0.007025215774774551,"y":0.9930127263069153,"z":-0.08276738226413727,"w":0.08402945101261139},"size":2.036530017852783,"orthographic":false}