{"cameraMode":{"drawMode":0,"name":"Shaded","section":"Shading Mode"},"sceneLighting":true,"audioPlay":false,"sceneViewState":{"m_AlwaysRefresh":false,"showFog":true,"showSkybox":true,"showFlares":true,"showImageEffects":true,"showParticleSystems":true,"showVisualEffectGraphs":true,"m_FxEnabled":true},"in2DMode":false,"pivot":{"x":495.932861328125,"y":-43.203880310058597,"z":639.3314819335938},"rotation":{"x":-0.38910919427871706,"y":0.00735380407422781,"z":-0.003079228335991502,"w":-0.9212064146995544},"size":63.208580017089847,"orthographic":false}