{"cameraMode":{"drawMode":0,"name":"Shaded","section":"Shading Mode"},"sceneLighting":true,"audioPlay":false,"sceneViewState":{"m_AlwaysRefresh":false,"showFog":true,"showSkybox":true,"showFlares":true,"showImageEffects":true,"showParticleSystems":true,"showVisualEffectGraphs":true,"m_FxEnabled":true},"in2DMode":false,"pivot":{"x":488.1656799316406,"y":-57.319923400878909,"z":489.5055847167969},"rotation":{"x":0.11348994076251984,"y":-0.8520684242248535,"z":0.20624198019504548,"w":0.46785619854927065},"size":90.50138092041016,"orthographic":false}