{"cameraMode":{"drawMode":0,"name":"Shaded","section":"Shading Mode"},"sceneLighting":true,"audioPlay":false,"sceneViewState":{"m_AlwaysRefresh":false,"showFog":true,"showSkybox":true,"showFlares":true,"showImageEffects":true,"showParticleSystems":true,"showVisualEffectGraphs":true,"m_FxEnabled":true},"in2DMode":false,"pivot":{"x":641.0821533203125,"y":17.992542266845704,"z":633.8239135742188},"rotation":{"x":-0.07521343231201172,"y":0.43988728523254397,"z":-0.03610336035490036,"w":-0.8944578766822815},"size":42.87253189086914,"orthographic":true}